{
  "project_info": {
    "project_number": "200657637895",
    "firebase_url": "https://edonotificiation.firebaseio.com",
    "project_id": "edonotificiation",
    "storage_bucket": "edonotificiation.appspot.com"
  },
  "client": [
    {
      "client_info": {
        "mobilesdk_app_id": "1:200657637895:android:5338f0f284988be2",
        "android_client_info": {
          "package_name": "com.example.edo_notificiation"
        }
      },
      "oauth_client": [
        {
          "client_id": "200657637895-5bo33868n6ho9d3uhlaohntjqfkugbud.apps.googleusercontent.com",
          "client_type": 3
        }
      ],
      "api_key": [
        {
          "current_key": "AIzaSyBZlBYiOHwYlkB6RbRQUxH0C_4U0wi31nA"
        }
      ],
      "services": {
        "appinvite_service": {
          "other_platform_oauth_client": [
            {
              "client_id": "200657637895-5bo33868n6ho9d3uhlaohntjqfkugbud.apps.googleusercontent.com",
              "client_type": 3
            }
          ]
        }
      }
    }
  ],
  "configuration_version": "1"
}